id,lat,lon,date,year,month,source
3986020304,35.355135,-119.331806,2016-02-28,2016,2,gbif
3764112441,35.444795,-118.790275,2022-03-31,2022,3,gbif
3743330788,35.440879,-118.793919,2022-03-12,2022,3,gbif
3743032695,35.33303,-119.364075,2022-03-12,2022,3,gbif
3698371584,35.616735,-119.646541,2022-02-19,2022,2,gbif
3461012069,34.93007,-119.27067,2018-03-31,2018,3,gbif
3415846631,35.449715,-118.782662,2021-04-01,2021,4,gbif
3415761541,35.345778,-119.817662,2021-04-21,2021,4,gbif
3415367306,35.616254,-119.598291,2016-03-10,2016,3,gbif
2580134158,35.040977,-119.559792,2020-03-07,2020,3,gbif
2563658718,35.603858,-119.575045,2016-03-10,2016,3,gbif
2563449193,35.50025,-119.538515,2016-03-02,2016,3,gbif
2563441860,35.34137,-119.35942,2019-04-15,2019,4,gbif
2563441527,35.113645,-119.601244,2019-04-12,2019,4,gbif
2563440930,35.044934,-119.636652,2019-04-01,2019,4,gbif
2563440558,35.376063,-119.645417,2019-03-26,2019,3,gbif
2563440387,35.291225,-119.626862,2019-03-23,2019,3,gbif
2430557968,34.962111,-119.352889,2009-04-14,2009,4,gbif
2430551846,35.399983,-119.407383,2013-03-21,2013,3,gbif
2430528030,34.95954,-119.3489,2010-04-27,2010,4,gbif
2430326333,35.003660000000004,-118.68117,2014-03-20,2014,3,gbif
2430292565,34.94695,-119.40093,2009-03-30,2009,3,gbif
2430269578,34.945306,-119.388806,2009-04-17,2009,4,gbif
2430266373,34.95453,-119.35027,2009-04-14,2009,4,gbif
2430212494,35.392156,-119.661419,2013-03-14,2013,3,gbif
2430136418,34.9475,-119.4012,2011-04-24,2011,4,gbif
2422535898,35.32222,-119.36417,2004-03-14,2004,3,gbif
2421771841,38.761944,-120.843333,2010-05-15,2010,5,gbif
2270197435,35.390333,-119.545667,2005-03-25,2005,3,gbif
2270196130,35.453041,-120.341494,2012-03-03,2012,3,gbif
2270195424,35.933889,-119.9,2001-03-20,2001,3,gbif
1805365668,35.833438,-119.815553,2016-03-07,2016,3,gbif
